<?xml version="1.0" encoding="UTF-8" standalone="yes"?>
<addon id="script.module.web-pdb"
       name="Web-PDB"
       version="1.5.2"
       provider-name="Roman V.M.">
  <requires>
    <import addon="xbmc.python" version="2.25.0"/>
    <import addon="script.module.bottle" version="0.12.0"/>
  </requires>
  <extension point="xbmc.python.script" library="main.py">
    <provides>executable</provides>
  </extension>
  <extension point="xbmc.python.module" library="libs" />
  <extension point="xbmc.addon.metadata">
    <summary lang="en_GB">Web-based remote Python debugger</summary>
    <description lang="en_GB">Provides a web-UI for Python's built-in PDB debugger for remote debugging Kodi addons.</description>
    <platform>all</platform>
    <license>MIT</license>
    <forum>http://forum.kodi.tv/showthread.php?tid=292141</forum>
    <source>https://github.com/romanvm/kodi.web-pdb</source>
    <assets>
      <icon>icon.png</icon>
      <screenshot>resources/screenshot.png</screenshot>
    </assets>
    <news>1.5.2: Internal updates.</news>
  </extension>
</addon>
