<?xml version="1.0" encoding="UTF-8" standalone="yes"?>
<addon id="plugin.video.vimeo" name="Vimeo" version="5.1.1" provider-name="jaylinski">
    <requires>
        <import addon="xbmc.python" version="2.25.0"/>
        <import addon="script.module.future" version="0.16.0"/>
        <import addon="script.module.requests" version="2.4.3"/>
    </requires>
    <extension point="xbmc.python.pluginsource" library="addon.py">
        <provides>video</provides>
    </extension>
    <extension point="xbmc.addon.metadata">
        <summary lang="de_DE">Vimeo lässt dich fantastische Videos der weltbesten Filmemacher entdecken.</summary>
        <summary lang="en_GB">Vimeo lets you discover amazing videos from the world’s best creators.</summary>
        <disclaimer lang="en_GB">This plugin is not official, approved or endorsed by Vimeo.</disclaimer>
        <platform>all</platform>
        <license>MIT</license>
        <forum>https://forum.kodi.tv/showthread.php?tid=220437</forum>
        <website>https://vimeo.com</website>
        <source>https://github.com/jaylinski/kodi-addon-vimeo</source>
        <news>5.1.1 (2020-02-27)
FIX: Search listings with on-demand (paid) videos are now working as expected

5.1.0 (2020-02-24)
FIX: Sound on some videos not playing
FIX: Videos with restrictive embedding settings can now be played
UPD: Improved video info view (now contains poster and user)
NEW: Added search template to settings
NEW: Added 4k (2160p) resolution to settings
NEW: AV1 codec switch (for those using ffmpeg with libdav1d enabled)
NEW: Added possibility to delete cache in settings
        </news>
        <assets>
            <icon>resources/icon.png</icon>
            <fanart>resources/fanart.jpg</fanart>
        </assets>
    </extension>
</addon>
